{"built_at":"2026-03-29T23:54:07.133Z","doc_count":16,"idf":{"printer":3.1400661634962708,"máy":2.734601055388106,"in":2.4469189829363254,"không":2.2237754316221157,"được":2.2237754316221157,"hỏi":1.5306282510621703,"phòng":1.6359887667199966,"khu":2.041453874828161,"vực":2.041453874828161,"mức":2.041453874828161,"độ":2.041453874828161,"gấp":2.041453874828161,"kiểm":2.041453874828161,"tra":2.041453874828161,"queue":3.1400661634962708,"kết":3.1400661634962708,"nối":3.1400661634962708,"tạo":1.7537718023763802,"ticket":1.7537718023763802,"nếu":1.7537718023763802,"cần":2.041453874828161,"office":3.1400661634962708,"excel":3.1400661634962708,"mở":3.1400661634962708,"file":3.1400661634962708,"chậm":3.1400661634962708,"username":3.1400661634962708,"nào":3.1400661634962708,"add":3.1400661634962708,"phiên":3.1400661634962708,"bản":3.1400661634962708,"network":2.4469189829363254,"vào":2.4469189829363254,"web":2.4469189829363254,"công":2.4469189829363254,"việc":2.4469189829363254,"mã":2.4469189829363254,"lỗi":2.4469189829363254,"lan":2.4469189829363254,"wifi":2.4469189829363254,"dns":2.4469189829363254,"topic":2.2237754316221157,"user":2.2237754316221157,"assistant":2.2237754316221157,"auto":1.8873031950009027,"log":1.8873031950009027,"tầng":3.1400661634962708,"hầm":3.1400661634962708,"hỏng":3.1400661634962708,"và":1.8873031950009027,"gợi":2.2237754316221157,"ý":2.2237754316221157,"bước":2.2237754316221157,"xử":2.2237754316221157,"lý":2.2237754316221157,"hoặc":2.734601055388106,"ứng":2.734601055388106,"dụng":2.734601055388106,"ảnh":2.734601055388106,"hưởng":2.734601055388106,"link":2.4469189829363254,"đăng":2.4469189829363254,"nhập":2.4469189829363254,"simly":2.2237754316221157,"là":2.4469189829363254,"gì":2.4469189829363254,"crm":2.734601055388106,"getfly":3.1400661634962708,"url":2.734601055388106,"https":2.4469189829363254,"app":3.1400661634962708,"getflycrm":3.1400661634962708,"com":2.734601055388106,"chính":3.1400661634962708,"vn":3.1400661634962708,"omicall":3.1400661634962708,"dashboard":3.1400661634962708,"my":3.1400661634962708,"tổng":3.1400661634962708,"đài":3.1400661634962708},"docs":[{"id":"chat:printer:Máy in không in được","text":"printer\nMáy in không in được\nHỏi phòng/khu vực, mức độ gấp.\n- Kiểm tra queue/kết nối\n- Tạo ticket nếu cần"},{"id":"chat:office-excel:Excel mở file chậm","text":"office-excel\nExcel mở file chậm\nHỏi username, file nào chậm.\n- Kiểm tra add-in, phiên bản Office"},{"id":"chat:network:Không vào được web công việc","text":"network\nKhông vào được web công việc\nHỏi phòng, mã lỗi.\n- Kiểm tra LAN/WiFi, DNS"},{"id":"chat:topic:user","text":"topic\nuser\nassistant"},{"id":"chat:auto-log:máy in tầng hầm hỏng","text":"auto-log\nmáy in tầng hầm hỏng\nHỏi phòng/khu vực và mức độ gấp.\n- Gợi ý bước xử lý\n- Tạo ticket nếu cần"},{"id":"chat:auto-log-network:Không vào được web hoặc ứng dụng","text":"auto-log-network\nKhông vào được web hoặc ứng dụng\nHỏi phòng và mã lỗi.\n- Kiểm tra LAN/WiFi, DNS\n- Tạo ticket nếu ảnh hưởng công việc"},{"id":"chat:topic:user","text":"topic\nuser\nassistant"},{"id":"chat:auto-log:link đăng nhập SIMLY là gì","text":"auto-log\nlink đăng nhập SIMLY là gì\nHỏi phòng/khu vực và mức độ gấp.\n- Gợi ý bước xử lý\n- Tạo ticket nếu cần"},{"id":"chat:auto-log-network:Không vào được web hoặc ứng dụng","text":"auto-log-network\nKhông vào được web hoặc ứng dụng\nHỏi phòng và mã lỗi.\n- Kiểm tra LAN/WiFi, DNS\n- Tạo ticket nếu ảnh hưởng công việc"},{"id":"chat:topic:user","text":"topic\nuser\nassistant"},{"id":"chat:auto-log:link đăng nhập SIMLY là gì","text":"auto-log\nlink đăng nhập SIMLY là gì\nHỏi phòng/khu vực và mức độ gấp.\n- Gợi ý bước xử lý\n- Tạo ticket nếu cần"},{"id":"chat:topic:user","text":"topic\nuser\nassistant"},{"id":"chat:auto-log:link đăng nhập SIMLY là gì","text":"auto-log\nlink đăng nhập SIMLY là gì\nHỏi phòng/khu vực và mức độ gấp.\n- Gợi ý bước xử lý\n- Tạo ticket nếu cần"},{"id":"know:CRM_GETFLY_URL","text":"CRM_GETFLY_URL\nhttps://app.getflycrm.com\nCRM chính\nhttps://app.getflycrm.com"},{"id":"know:SIMLY_URL","text":"SIMLY_URL\nhttps://simly.vn\nCRM SIMLY\nhttps://simly.vn"},{"id":"know:OMICALL_DASHBOARD","text":"OMICALL_DASHBOARD\nhttps://my.omicall.com\nTổng đài\nhttps://my.omicall.com"}],"vectors":[{"printer":0.1427302801589214,"máy":0.12430004797218665,"in":0.2224471802669387,"không":0.1010807014373689,"được":0.1010807014373689,"hỏi":0.06957401141191684,"phòng":0.07436312575999984,"khu":0.0927933579467346,"vực":0.0927933579467346,"mức":0.0927933579467346,"độ":0.0927933579467346,"gấp":0.0927933579467346,"kiểm":0.0927933579467346,"tra":0.0927933579467346,"queue":0.1427302801589214,"kết":0.1427302801589214,"nối":0.1427302801589214,"tạo":0.07971690010801728,"ticket":0.07971690010801728,"nếu":0.07971690010801728,"cần":0.0927933579467346},{"office":0.3488962403884745,"excel":0.3488962403884745,"mở":0.17444812019423725,"file":0.3488962403884745,"chậm":0.3488962403884745,"hỏi":0.08503490283678723,"username":0.17444812019423725,"nào":0.17444812019423725,"kiểm":0.11341410415712005,"tra":0.11341410415712005,"add":0.17444812019423725,"in":0.13593994349646252,"phiên":0.17444812019423725,"bản":0.17444812019423725},{"network":0.15293243643352034,"không":0.13898596447638223,"vào":0.15293243643352034,"được":0.13898596447638223,"web":0.15293243643352034,"công":0.15293243643352034,"việc":0.15293243643352034,"hỏi":0.09566426569138564,"phòng":0.10224929791999979,"mã":0.15293243643352034,"lỗi":0.15293243643352034,"kiểm":0.12759086717676008,"tra":0.12759086717676008,"lan":0.15293243643352034,"wifi":0.15293243643352034,"dns":0.15293243643352034},{"topic":0.7412584772073718,"user":0.7412584772073718,"assistant":0.7412584772073718},{"auto":0.0786376331250376,"log":0.0786376331250376,"máy":0.11394171064117109,"in":0.10195495762234688,"tầng":0.13083609014567793,"hầm":0.13083609014567793,"hỏng":0.13083609014567793,"hỏi":0.06377617712759043,"phòng":0.06816619861333319,"khu":0.08506057811784004,"vực":0.08506057811784004,"và":0.0786376331250376,"mức":0.08506057811784004,"độ":0.08506057811784004,"gấp":0.08506057811784004,"gợi":0.09265730965092148,"ý":0.09265730965092148,"bước":0.09265730965092148,"xử":0.09265730965092148,"lý":0.09265730965092148,"tạo":0.07307382509901583,"ticket":0.07307382509901583,"nếu":0.07307382509901583,"cần":0.08506057811784004},{"auto":0.06990011833336676,"log":0.06990011833336676,"network":0.09062662899764168,"không":0.08236205302304131,"vào":0.09062662899764168,"được":0.08236205302304131,"web":0.09062662899764168,"hoặc":0.10128152056992985,"ứng":0.10128152056992985,"dụng":0.10128152056992985,"hỏi":0.05668993522452482,"phòng":0.060592176545185054,"và":0.06990011833336676,"mã":0.09062662899764168,"lỗi":0.09062662899764168,"kiểm":0.07560940277141337,"tra":0.07560940277141337,"lan":0.09062662899764168,"wifi":0.09062662899764168,"dns":0.09062662899764168,"tạo":0.0649545111991252,"ticket":0.0649545111991252,"nếu":0.0649545111991252,"ảnh":0.10128152056992985,"hưởng":0.10128152056992985,"công":0.09062662899764168,"việc":0.09062662899764168},{"topic":0.7412584772073718,"user":0.7412584772073718,"assistant":0.7412584772073718},{"auto":0.07549212780003611,"log":0.07549212780003611,"link":0.09787675931745302,"đăng":0.09787675931745302,"nhập":0.09787675931745302,"simly":0.08895101726488462,"là":0.09787675931745302,"gì":0.09787675931745302,"hỏi":0.061225130042486815,"phòng":0.06543955066879986,"khu":0.08165815499312645,"vực":0.08165815499312645,"và":0.07549212780003611,"mức":0.08165815499312645,"độ":0.08165815499312645,"gấp":0.08165815499312645,"gợi":0.08895101726488462,"ý":0.08895101726488462,"bước":0.08895101726488462,"xử":0.08895101726488462,"lý":0.08895101726488462,"tạo":0.0701508720950552,"ticket":0.0701508720950552,"nếu":0.0701508720950552,"cần":0.08165815499312645},{"auto":0.06990011833336676,"log":0.06990011833336676,"network":0.09062662899764168,"không":0.08236205302304131,"vào":0.09062662899764168,"được":0.08236205302304131,"web":0.09062662899764168,"hoặc":0.10128152056992985,